epoch,global_step,layer,metric_type,value
1.0,115,base_model.model.roberta.embeddings.word_embeddings.weight,base,2.8762521464546524
1.0,115,base_model.model.roberta.embeddings.position_embeddings.weight,base,1.794806501817938
1.0,115,base_model.model.roberta.embeddings.token_type_embeddings.weight,base,0.0
1.0,115,base_model.model.roberta.encoder.layer.0.attention.self.query.weight,base,65.16850243294316
1.0,115,base_model.model.roberta.encoder.layer.0.attention.self.query.weight,delta,5.397297093262821
1.0,115,base_model.model.roberta.encoder.layer.0.attention.self.query.weight,effective,65.1962242326104
1.0,115,base_model.model.roberta.encoder.layer.0.attention.self.key.weight,base,130.91481538106177
1.0,115,base_model.model.roberta.encoder.layer.0.attention.self.key.weight,delta,6.8560701066339655
1.0,115,base_model.model.roberta.encoder.layer.0.attention.self.key.weight,effective,130.94092438591696
1.0,115,base_model.model.roberta.encoder.layer.0.attention.self.value.weight,base,88.31941014198881
1.0,115,base_model.model.roberta.encoder.layer.0.attention.self.value.weight,delta,1.4676965894894554
1.0,115,base_model.model.roberta.encoder.layer.0.attention.self.value.weight,effective,88.45543150547918
1.0,115,base_model.model.roberta.encoder.layer.0.attention.output.dense.weight,base,5.915947919238045
1.0,115,base_model.model.roberta.encoder.layer.0.attention.output.dense.weight,delta,2.4921637749320324
1.0,115,base_model.model.roberta.encoder.layer.0.attention.output.dense.weight,effective,5.921229474368519
1.0,115,base_model.model.roberta.encoder.layer.0.intermediate.dense.weight,base,7.211772906074545
1.0,115,base_model.model.roberta.encoder.layer.0.intermediate.dense.weight,delta,2.833972574666886
1.0,115,base_model.model.roberta.encoder.layer.0.intermediate.dense.weight,effective,7.207554553616534
1.0,115,base_model.model.roberta.encoder.layer.0.output.dense.weight,base,45.444507184256565
1.0,115,base_model.model.roberta.encoder.layer.0.output.dense.weight,delta,3.0815619093089346
1.0,115,base_model.model.roberta.encoder.layer.0.output.dense.weight,effective,45.43865274287282
1.0,115,base_model.model.roberta.encoder.layer.1.attention.self.query.weight,base,49.83982559284896
1.0,115,base_model.model.roberta.encoder.layer.1.attention.self.query.weight,delta,2.217823057861568
1.0,115,base_model.model.roberta.encoder.layer.1.attention.self.query.weight,effective,49.829889038137445
1.0,115,base_model.model.roberta.encoder.layer.1.attention.self.key.weight,base,36.683594715722144
1.0,115,base_model.model.roberta.encoder.layer.1.attention.self.key.weight,delta,5.314591987869854
1.0,115,base_model.model.roberta.encoder.layer.1.attention.self.key.weight,effective,36.77269454836812
1.0,115,base_model.model.roberta.encoder.layer.1.attention.self.value.weight,base,100.83349896198295
1.0,115,base_model.model.roberta.encoder.layer.1.attention.self.value.weight,delta,1.1847924484041654
1.0,115,base_model.model.roberta.encoder.layer.1.attention.self.value.weight,effective,101.13928181025258
1.0,115,base_model.model.roberta.encoder.layer.1.attention.output.dense.weight,base,14.804032969892802
1.0,115,base_model.model.roberta.encoder.layer.1.attention.output.dense.weight,delta,2.4522764874387306
1.0,115,base_model.model.roberta.encoder.layer.1.attention.output.dense.weight,effective,14.830864517995506
1.0,115,base_model.model.roberta.encoder.layer.1.intermediate.dense.weight,base,10.80473028402092
1.0,115,base_model.model.roberta.encoder.layer.1.intermediate.dense.weight,delta,1.5130506526327194
1.0,115,base_model.model.roberta.encoder.layer.1.intermediate.dense.weight,effective,10.730825813377676
1.0,115,base_model.model.roberta.encoder.layer.1.output.dense.weight,base,29.953815799001653
1.0,115,base_model.model.roberta.encoder.layer.1.output.dense.weight,delta,1.7394504310714085
1.0,115,base_model.model.roberta.encoder.layer.1.output.dense.weight,effective,29.914029161774625
1.0,115,base_model.model.roberta.encoder.layer.2.attention.self.query.weight,base,49.94102365282341
1.0,115,base_model.model.roberta.encoder.layer.2.attention.self.query.weight,delta,1.908170387981738
1.0,115,base_model.model.roberta.encoder.layer.2.attention.self.query.weight,effective,50.0016357155746
1.0,115,base_model.model.roberta.encoder.layer.2.attention.self.key.weight,base,56.246165221169115
1.0,115,base_model.model.roberta.encoder.layer.2.attention.self.key.weight,delta,3.0121674955684927
1.0,115,base_model.model.roberta.encoder.layer.2.attention.self.key.weight,effective,56.26064876771887
1.0,115,base_model.model.roberta.encoder.layer.2.attention.self.value.weight,base,53.35955946695758
1.0,115,base_model.model.roberta.encoder.layer.2.attention.self.value.weight,delta,1.242134892635124
1.0,115,base_model.model.roberta.encoder.layer.2.attention.self.value.weight,effective,53.53192807306273
1.0,115,base_model.model.roberta.encoder.layer.2.attention.output.dense.weight,base,14.211729843144505
1.0,115,base_model.model.roberta.encoder.layer.2.attention.output.dense.weight,delta,1.5719801840815724
1.0,115,base_model.model.roberta.encoder.layer.2.attention.output.dense.weight,effective,14.2548778664692
1.0,115,base_model.model.roberta.encoder.layer.2.intermediate.dense.weight,base,14.171262905121031
1.0,115,base_model.model.roberta.encoder.layer.2.intermediate.dense.weight,delta,1.5127923721977756
1.0,115,base_model.model.roberta.encoder.layer.2.intermediate.dense.weight,effective,14.087431041858984
1.0,115,base_model.model.roberta.encoder.layer.2.output.dense.weight,base,27.617960006342027
1.0,115,base_model.model.roberta.encoder.layer.2.output.dense.weight,delta,1.2898665840475507
1.0,115,base_model.model.roberta.encoder.layer.2.output.dense.weight,effective,27.581762154668986
1.0,115,base_model.model.roberta.encoder.layer.3.attention.self.query.weight,base,40.38710324398324
1.0,115,base_model.model.roberta.encoder.layer.3.attention.self.query.weight,delta,1.3481365328808055
1.0,115,base_model.model.roberta.encoder.layer.3.attention.self.query.weight,effective,40.302145614760036
1.0,115,base_model.model.roberta.encoder.layer.3.attention.self.key.weight,base,52.78959322892153
1.0,115,base_model.model.roberta.encoder.layer.3.attention.self.key.weight,delta,2.722253362689663
1.0,115,base_model.model.roberta.encoder.layer.3.attention.self.key.weight,effective,52.86341874173939
1.0,115,base_model.model.roberta.encoder.layer.3.attention.self.value.weight,base,85.08426624756609
1.0,115,base_model.model.roberta.encoder.layer.3.attention.self.value.weight,delta,1.1073765319971396
1.0,115,base_model.model.roberta.encoder.layer.3.attention.self.value.weight,effective,84.07673796251392
1.0,115,base_model.model.roberta.encoder.layer.3.attention.output.dense.weight,base,21.91678510152632
1.0,115,base_model.model.roberta.encoder.layer.3.attention.output.dense.weight,delta,1.3088951192008749
1.0,115,base_model.model.roberta.encoder.layer.3.attention.output.dense.weight,effective,21.903596659179634
1.0,115,base_model.model.roberta.encoder.layer.3.intermediate.dense.weight,base,20.110905845538312
1.0,115,base_model.model.roberta.encoder.layer.3.intermediate.dense.weight,delta,1.1980174067532179
1.0,115,base_model.model.roberta.encoder.layer.3.intermediate.dense.weight,effective,20.0502245089782
1.0,115,base_model.model.roberta.encoder.layer.3.output.dense.weight,base,25.971211357979648
1.0,115,base_model.model.roberta.encoder.layer.3.output.dense.weight,delta,1.030236995023384
1.0,115,base_model.model.roberta.encoder.layer.3.output.dense.weight,effective,26.011508049266208
1.0,115,base_model.model.roberta.encoder.layer.4.attention.self.query.weight,base,16.316341559015992
1.0,115,base_model.model.roberta.encoder.layer.4.attention.self.query.weight,delta,1.405410999972847
1.0,115,base_model.model.roberta.encoder.layer.4.attention.self.query.weight,effective,16.308153893476547
1.0,115,base_model.model.roberta.encoder.layer.4.attention.self.key.weight,base,61.19224054984023
1.0,115,base_model.model.roberta.encoder.layer.4.attention.self.key.weight,delta,2.686329605061341
1.0,115,base_model.model.roberta.encoder.layer.4.attention.self.key.weight,effective,61.542020051268324
1.0,115,base_model.model.roberta.encoder.layer.4.attention.self.value.weight,base,105.4275948284823
1.0,115,base_model.model.roberta.encoder.layer.4.attention.self.value.weight,delta,1.0369840409970232
1.0,115,base_model.model.roberta.encoder.layer.4.attention.self.value.weight,effective,105.39840352906161
1.0,115,base_model.model.roberta.encoder.layer.4.attention.output.dense.weight,base,20.803518310365877
1.0,115,base_model.model.roberta.encoder.layer.4.attention.output.dense.weight,delta,1.0729605128339517
1.0,115,base_model.model.roberta.encoder.layer.4.attention.output.dense.weight,effective,20.91837121198954
1.0,115,base_model.model.roberta.encoder.layer.4.intermediate.dense.weight,base,20.02480060993551
1.0,115,base_model.model.roberta.encoder.layer.4.intermediate.dense.weight,delta,1.5850809590610153
1.0,115,base_model.model.roberta.encoder.layer.4.intermediate.dense.weight,effective,20.03635851589673
1.0,115,base_model.model.roberta.encoder.layer.4.output.dense.weight,base,29.728196317360545
1.0,115,base_model.model.roberta.encoder.layer.4.output.dense.weight,delta,1.2107579938634188
1.0,115,base_model.model.roberta.encoder.layer.4.output.dense.weight,effective,29.73630256360781
1.0,115,base_model.model.roberta.encoder.layer.5.attention.self.query.weight,base,11.762495176171988
1.0,115,base_model.model.roberta.encoder.layer.5.attention.self.query.weight,delta,1.5532932553773318
1.0,115,base_model.model.roberta.encoder.layer.5.attention.self.query.weight,effective,11.756812674951775
1.0,115,base_model.model.roberta.encoder.layer.5.attention.self.key.weight,base,61.699005373669515
1.0,115,base_model.model.roberta.encoder.layer.5.attention.self.key.weight,delta,2.635842900975505
1.0,115,base_model.model.roberta.encoder.layer.5.attention.self.key.weight,effective,61.774451026583726
1.0,115,base_model.model.roberta.encoder.layer.5.attention.self.value.weight,base,99.56625816874656
1.0,115,base_model.model.roberta.encoder.layer.5.attention.self.value.weight,delta,1.2111419951787665
1.0,115,base_model.model.roberta.encoder.layer.5.attention.self.value.weight,effective,99.01549309236859
1.0,115,base_model.model.roberta.encoder.layer.5.attention.output.dense.weight,base,26.298959057905314
1.0,115,base_model.model.roberta.encoder.layer.5.attention.output.dense.weight,delta,1.3583656865925924
1.0,115,base_model.model.roberta.encoder.layer.5.attention.output.dense.weight,effective,26.36841142596803
1.0,115,base_model.model.roberta.encoder.layer.5.intermediate.dense.weight,base,20.785218764453894
1.0,115,base_model.model.roberta.encoder.layer.5.intermediate.dense.weight,delta,1.353288328245614
1.0,115,base_model.model.roberta.encoder.layer.5.intermediate.dense.weight,effective,20.835613643879746
1.0,115,base_model.model.roberta.encoder.layer.5.output.dense.weight,base,35.247083242875256
1.0,115,base_model.model.roberta.encoder.layer.5.output.dense.weight,delta,1.7359400089574593
1.0,115,base_model.model.roberta.encoder.layer.5.output.dense.weight,effective,35.25639600093122
1.0,115,base_model.model.roberta.encoder.layer.6.attention.self.query.weight,base,14.075301678596741
1.0,115,base_model.model.roberta.encoder.layer.6.attention.self.query.weight,delta,1.6441855813966957
1.0,115,base_model.model.roberta.encoder.layer.6.attention.self.query.weight,effective,14.090568059010804
1.0,115,base_model.model.roberta.encoder.layer.6.attention.self.key.weight,base,66.43951114473974
1.0,115,base_model.model.roberta.encoder.layer.6.attention.self.key.weight,delta,2.9107397077874424
1.0,115,base_model.model.roberta.encoder.layer.6.attention.self.key.weight,effective,66.4659808287236
1.0,115,base_model.model.roberta.encoder.layer.6.attention.self.value.weight,base,90.24191649634543
1.0,115,base_model.model.roberta.encoder.layer.6.attention.self.value.weight,delta,1.0952561830901215
1.0,115,base_model.model.roberta.encoder.layer.6.attention.self.value.weight,effective,90.23151505608418
1.0,115,base_model.model.roberta.encoder.layer.6.attention.output.dense.weight,base,29.94873534068194
1.0,115,base_model.model.roberta.encoder.layer.6.attention.output.dense.weight,delta,2.3558915700047125
1.0,115,base_model.model.roberta.encoder.layer.6.attention.output.dense.weight,effective,30.00345764559202
1.0,115,base_model.model.roberta.encoder.layer.6.intermediate.dense.weight,base,22.03994696544542
1.0,115,base_model.model.roberta.encoder.layer.6.intermediate.dense.weight,delta,1.600350464889525
1.0,115,base_model.model.roberta.encoder.layer.6.intermediate.dense.weight,effective,22.06246921562715
1.0,115,base_model.model.roberta.encoder.layer.6.output.dense.weight,base,32.14799086383212
1.0,115,base_model.model.roberta.encoder.layer.6.output.dense.weight,delta,1.2041674494768844
1.0,115,base_model.model.roberta.encoder.layer.6.output.dense.weight,effective,32.168255097825856
1.0,115,base_model.model.roberta.encoder.layer.7.attention.self.query.weight,base,14.658838567416794
1.0,115,base_model.model.roberta.encoder.layer.7.attention.self.query.weight,delta,1.1156938878734362
1.0,115,base_model.model.roberta.encoder.layer.7.attention.self.query.weight,effective,14.659495726398989
1.0,115,base_model.model.roberta.encoder.layer.7.attention.self.key.weight,base,70.99344042385209
1.0,115,base_model.model.roberta.encoder.layer.7.attention.self.key.weight,delta,2.843506205882558
1.0,115,base_model.model.roberta.encoder.layer.7.attention.self.key.weight,effective,71.02142849288124
1.0,115,base_model.model.roberta.encoder.layer.7.attention.self.value.weight,base,77.89752183447247
1.0,115,base_model.model.roberta.encoder.layer.7.attention.self.value.weight,delta,1.2073014839856115
1.0,115,base_model.model.roberta.encoder.layer.7.attention.self.value.weight,effective,77.83978930304804
1.0,115,base_model.model.roberta.encoder.layer.7.attention.output.dense.weight,base,26.25258171912584
1.0,115,base_model.model.roberta.encoder.layer.7.attention.output.dense.weight,delta,3.6054873869949176
1.0,115,base_model.model.roberta.encoder.layer.7.attention.output.dense.weight,effective,26.29613194072231
1.0,115,base_model.model.roberta.encoder.layer.7.intermediate.dense.weight,base,21.184176643360725
1.0,115,base_model.model.roberta.encoder.layer.7.intermediate.dense.weight,delta,1.8744735543419528
1.0,115,base_model.model.roberta.encoder.layer.7.intermediate.dense.weight,effective,21.096738318282142
1.0,115,base_model.model.roberta.encoder.layer.7.output.dense.weight,base,30.771296447145282
1.0,115,base_model.model.roberta.encoder.layer.7.output.dense.weight,delta,1.5349439059605319
1.0,115,base_model.model.roberta.encoder.layer.7.output.dense.weight,effective,30.773523139895268
1.0,115,base_model.model.roberta.encoder.layer.8.attention.self.query.weight,base,19.554995123435056
1.0,115,base_model.model.roberta.encoder.layer.8.attention.self.query.weight,delta,1.9762436172272269
1.0,115,base_model.model.roberta.encoder.layer.8.attention.self.query.weight,effective,19.554852634643314
1.0,115,base_model.model.roberta.encoder.layer.8.attention.self.key.weight,base,72.46252770643032
1.0,115,base_model.model.roberta.encoder.layer.8.attention.self.key.weight,delta,3.312970851060366
1.0,115,base_model.model.roberta.encoder.layer.8.attention.self.key.weight,effective,72.55556228072574
1.0,115,base_model.model.roberta.encoder.layer.8.attention.self.value.weight,base,68.24090761427492
1.0,115,base_model.model.roberta.encoder.layer.8.attention.self.value.weight,delta,1.6655247017406232
1.0,115,base_model.model.roberta.encoder.layer.8.attention.self.value.weight,effective,68.34120984768099
1.0,115,base_model.model.roberta.encoder.layer.8.attention.output.dense.weight,base,25.215026114384766
1.0,115,base_model.model.roberta.encoder.layer.8.attention.output.dense.weight,delta,2.530317908079143
1.0,115,base_model.model.roberta.encoder.layer.8.attention.output.dense.weight,effective,25.257172524201437
1.0,115,base_model.model.roberta.encoder.layer.8.intermediate.dense.weight,base,22.94873607984339
1.0,115,base_model.model.roberta.encoder.layer.8.intermediate.dense.weight,delta,1.872401715340115
1.0,115,base_model.model.roberta.encoder.layer.8.intermediate.dense.weight,effective,22.996908735744913
1.0,115,base_model.model.roberta.encoder.layer.8.output.dense.weight,base,33.20090685709213
1.0,115,base_model.model.roberta.encoder.layer.8.output.dense.weight,delta,1.7175966880394062
1.0,115,base_model.model.roberta.encoder.layer.8.output.dense.weight,effective,33.22175463303823
1.0,115,base_model.model.roberta.encoder.layer.9.attention.self.query.weight,base,14.074112128999012
1.0,115,base_model.model.roberta.encoder.layer.9.attention.self.query.weight,delta,1.7054425619652078
1.0,115,base_model.model.roberta.encoder.layer.9.attention.self.query.weight,effective,14.078400090499912
1.0,115,base_model.model.roberta.encoder.layer.9.attention.self.key.weight,base,82.21456241058715
1.0,115,base_model.model.roberta.encoder.layer.9.attention.self.key.weight,delta,3.4210840300690304
1.0,115,base_model.model.roberta.encoder.layer.9.attention.self.key.weight,effective,82.26702639036938
1.0,115,base_model.model.roberta.encoder.layer.9.attention.self.value.weight,base,94.15371923486272
1.0,115,base_model.model.roberta.encoder.layer.9.attention.self.value.weight,delta,1.1874615740193801
1.0,115,base_model.model.roberta.encoder.layer.9.attention.self.value.weight,effective,93.86908095113138
1.0,115,base_model.model.roberta.encoder.layer.9.attention.output.dense.weight,base,27.16329966608273
1.0,115,base_model.model.roberta.encoder.layer.9.attention.output.dense.weight,delta,2.876922587103175
1.0,115,base_model.model.roberta.encoder.layer.9.attention.output.dense.weight,effective,27.20449793377912
1.0,115,base_model.model.roberta.encoder.layer.9.intermediate.dense.weight,base,22.8722040849843
1.0,115,base_model.model.roberta.encoder.layer.9.intermediate.dense.weight,delta,1.490736680578857
1.0,115,base_model.model.roberta.encoder.layer.9.intermediate.dense.weight,effective,22.959223941508856
1.0,115,base_model.model.roberta.encoder.layer.9.output.dense.weight,base,31.291706379686776
1.0,115,base_model.model.roberta.encoder.layer.9.output.dense.weight,delta,2.1061330329752117
1.0,115,base_model.model.roberta.encoder.layer.9.output.dense.weight,effective,31.3059449962011
1.0,115,base_model.model.roberta.encoder.layer.10.attention.self.query.weight,base,43.93787210542925
1.0,115,base_model.model.roberta.encoder.layer.10.attention.self.query.weight,delta,1.8997417693928869
1.0,115,base_model.model.roberta.encoder.layer.10.attention.self.query.weight,effective,43.9382505204238
1.0,115,base_model.model.roberta.encoder.layer.10.attention.self.key.weight,base,84.34775663528752
1.0,115,base_model.model.roberta.encoder.layer.10.attention.self.key.weight,delta,4.56111775846988
1.0,115,base_model.model.roberta.encoder.layer.10.attention.self.key.weight,effective,84.35823476232049
1.0,115,base_model.model.roberta.encoder.layer.10.attention.self.value.weight,base,95.82444154352557
1.0,115,base_model.model.roberta.encoder.layer.10.attention.self.value.weight,delta,1.2487264413267087
1.0,115,base_model.model.roberta.encoder.layer.10.attention.self.value.weight,effective,95.99693176309303
1.0,115,base_model.model.roberta.encoder.layer.10.attention.output.dense.weight,base,25.41130698429029
1.0,115,base_model.model.roberta.encoder.layer.10.attention.output.dense.weight,delta,2.092266362329023
1.0,115,base_model.model.roberta.encoder.layer.10.attention.output.dense.weight,effective,25.454118184910364
1.0,115,base_model.model.roberta.encoder.layer.10.intermediate.dense.weight,base,23.61416247632014
1.0,115,base_model.model.roberta.encoder.layer.10.intermediate.dense.weight,delta,1.5541676371654827
1.0,115,base_model.model.roberta.encoder.layer.10.intermediate.dense.weight,effective,23.58387013978343
1.0,115,base_model.model.roberta.encoder.layer.10.output.dense.weight,base,28.482765434223122
1.0,115,base_model.model.roberta.encoder.layer.10.output.dense.weight,delta,1.351787034165089
1.0,115,base_model.model.roberta.encoder.layer.10.output.dense.weight,effective,28.50065880036875
1.0,115,base_model.model.roberta.encoder.layer.11.attention.self.query.weight,base,42.711296516148266
1.0,115,base_model.model.roberta.encoder.layer.11.attention.self.query.weight,delta,1.8836716940881135
1.0,115,base_model.model.roberta.encoder.layer.11.attention.self.query.weight,effective,42.79933595107943
1.0,115,base_model.model.roberta.encoder.layer.11.attention.self.key.weight,base,89.36574388593367
1.0,115,base_model.model.roberta.encoder.layer.11.attention.self.key.weight,delta,5.133339779082686
1.0,115,base_model.model.roberta.encoder.layer.11.attention.self.key.weight,effective,89.44358317304527
1.0,115,base_model.model.roberta.encoder.layer.11.attention.self.value.weight,base,91.12228329898201
1.0,115,base_model.model.roberta.encoder.layer.11.attention.self.value.weight,delta,1.1179902622318125
1.0,115,base_model.model.roberta.encoder.layer.11.attention.self.value.weight,effective,91.27625177742095
1.0,115,base_model.model.roberta.encoder.layer.11.attention.output.dense.weight,base,23.711106828708598
1.0,115,base_model.model.roberta.encoder.layer.11.attention.output.dense.weight,delta,1.8661791041250606
1.0,115,base_model.model.roberta.encoder.layer.11.attention.output.dense.weight,effective,23.76517003280338
1.0,115,base_model.model.roberta.encoder.layer.11.intermediate.dense.weight,base,23.921582739751972
1.0,115,base_model.model.roberta.encoder.layer.11.intermediate.dense.weight,delta,1.3415823999758487
1.0,115,base_model.model.roberta.encoder.layer.11.intermediate.dense.weight,effective,23.943781829904427
1.0,115,base_model.model.roberta.encoder.layer.11.output.dense.weight,base,32.25425665985377
1.0,115,base_model.model.roberta.encoder.layer.11.output.dense.weight,delta,1.302560427642645
1.0,115,base_model.model.roberta.encoder.layer.11.output.dense.weight,effective,32.267968695808634
1.0,115,base_model.model.roberta.encoder.layer.12.attention.self.query.weight,base,19.80133963517949
1.0,115,base_model.model.roberta.encoder.layer.12.attention.self.query.weight,delta,1.3384378595155055
1.0,115,base_model.model.roberta.encoder.layer.12.attention.self.query.weight,effective,19.82818252261152
1.0,115,base_model.model.roberta.encoder.layer.12.attention.self.key.weight,base,59.51423417589006
1.0,115,base_model.model.roberta.encoder.layer.12.attention.self.key.weight,delta,3.111950088322313
1.0,115,base_model.model.roberta.encoder.layer.12.attention.self.key.weight,effective,59.50576982219473
1.0,115,base_model.model.roberta.encoder.layer.12.attention.self.value.weight,base,104.55182735098823
1.0,115,base_model.model.roberta.encoder.layer.12.attention.self.value.weight,delta,1.159572493963479
1.0,115,base_model.model.roberta.encoder.layer.12.attention.self.value.weight,effective,104.19422130102916
1.0,115,base_model.model.roberta.encoder.layer.12.attention.output.dense.weight,base,31.68961963951198
1.0,115,base_model.model.roberta.encoder.layer.12.attention.output.dense.weight,delta,1.6546299360439884
1.0,115,base_model.model.roberta.encoder.layer.12.attention.output.dense.weight,effective,31.74551486873586
1.0,115,base_model.model.roberta.encoder.layer.12.intermediate.dense.weight,base,23.306472149343517
1.0,115,base_model.model.roberta.encoder.layer.12.intermediate.dense.weight,delta,1.2740797623934041
1.0,115,base_model.model.roberta.encoder.layer.12.intermediate.dense.weight,effective,23.325820571535683
1.0,115,base_model.model.roberta.encoder.layer.12.output.dense.weight,base,33.73366981573814
1.0,115,base_model.model.roberta.encoder.layer.12.output.dense.weight,delta,1.154635434363021
1.0,115,base_model.model.roberta.encoder.layer.12.output.dense.weight,effective,33.733571564196225
1.0,115,base_model.model.roberta.encoder.layer.13.attention.self.query.weight,base,19.42719294240054
1.0,115,base_model.model.roberta.encoder.layer.13.attention.self.query.weight,delta,1.514243083857383
1.0,115,base_model.model.roberta.encoder.layer.13.attention.self.query.weight,effective,19.456765214908962
1.0,115,base_model.model.roberta.encoder.layer.13.attention.self.key.weight,base,89.34542298597442
1.0,115,base_model.model.roberta.encoder.layer.13.attention.self.key.weight,delta,2.6718165028257657
1.0,115,base_model.model.roberta.encoder.layer.13.attention.self.key.weight,effective,89.3376419293036
1.0,115,base_model.model.roberta.encoder.layer.13.attention.self.value.weight,base,103.98533663905238
1.0,115,base_model.model.roberta.encoder.layer.13.attention.self.value.weight,delta,1.0408203663813471
1.0,115,base_model.model.roberta.encoder.layer.13.attention.self.value.weight,effective,100.6285665168176
1.0,115,base_model.model.roberta.encoder.layer.13.attention.output.dense.weight,base,31.930869183442315
1.0,115,base_model.model.roberta.encoder.layer.13.attention.output.dense.weight,delta,1.5646316830986833
1.0,115,base_model.model.roberta.encoder.layer.13.attention.output.dense.weight,effective,31.92189941551838
1.0,115,base_model.model.roberta.encoder.layer.13.intermediate.dense.weight,base,21.4924861033959
1.0,115,base_model.model.roberta.encoder.layer.13.intermediate.dense.weight,delta,1.2303057758178908
1.0,115,base_model.model.roberta.encoder.layer.13.intermediate.dense.weight,effective,21.670079858852876
1.0,115,base_model.model.roberta.encoder.layer.13.output.dense.weight,base,38.45666001020537
1.0,115,base_model.model.roberta.encoder.layer.13.output.dense.weight,delta,1.0055703959066742
1.0,115,base_model.model.roberta.encoder.layer.13.output.dense.weight,effective,38.76514963683542
1.0,115,base_model.model.roberta.encoder.layer.14.attention.self.query.weight,base,14.950092836443968
1.0,115,base_model.model.roberta.encoder.layer.14.attention.self.query.weight,delta,1.1892782698963025
1.0,115,base_model.model.roberta.encoder.layer.14.attention.self.query.weight,effective,14.95747090472848
1.0,115,base_model.model.roberta.encoder.layer.14.attention.self.key.weight,base,69.63970689456136
1.0,115,base_model.model.roberta.encoder.layer.14.attention.self.key.weight,delta,2.227725835367958
1.0,115,base_model.model.roberta.encoder.layer.14.attention.self.key.weight,effective,69.76031545484292
1.0,115,base_model.model.roberta.encoder.layer.14.attention.self.value.weight,base,105.91215913275136
1.0,115,base_model.model.roberta.encoder.layer.14.attention.self.value.weight,delta,1.02459700637381
1.0,115,base_model.model.roberta.encoder.layer.14.attention.self.value.weight,effective,104.70816212239376
1.0,115,base_model.model.roberta.encoder.layer.14.attention.output.dense.weight,base,34.19242653847588
1.0,115,base_model.model.roberta.encoder.layer.14.attention.output.dense.weight,delta,1.2094070639143961
1.0,115,base_model.model.roberta.encoder.layer.14.attention.output.dense.weight,effective,34.40631749789514
1.0,115,base_model.model.roberta.encoder.layer.14.intermediate.dense.weight,base,20.798387110600416
1.0,115,base_model.model.roberta.encoder.layer.14.intermediate.dense.weight,delta,1.539860169828861
1.0,115,base_model.model.roberta.encoder.layer.14.intermediate.dense.weight,effective,20.881179080286422
1.0,115,base_model.model.roberta.encoder.layer.14.output.dense.weight,base,20.652845573172012
1.0,115,base_model.model.roberta.encoder.layer.14.output.dense.weight,delta,1.1256592293073284
1.0,115,base_model.model.roberta.encoder.layer.14.output.dense.weight,effective,20.67104170335405
1.0,115,base_model.model.roberta.encoder.layer.15.attention.self.query.weight,base,31.91981094559281
1.0,115,base_model.model.roberta.encoder.layer.15.attention.self.query.weight,delta,1.5415333650432144
1.0,115,base_model.model.roberta.encoder.layer.15.attention.self.query.weight,effective,31.93531769685457
1.0,115,base_model.model.roberta.encoder.layer.15.attention.self.key.weight,base,79.51391215956669
1.0,115,base_model.model.roberta.encoder.layer.15.attention.self.key.weight,delta,2.47588963020838
1.0,115,base_model.model.roberta.encoder.layer.15.attention.self.key.weight,effective,79.52747000895701
1.0,115,base_model.model.roberta.encoder.layer.15.attention.self.value.weight,base,104.47581356199453
1.0,115,base_model.model.roberta.encoder.layer.15.attention.self.value.weight,delta,2.006658156445084
1.0,115,base_model.model.roberta.encoder.layer.15.attention.self.value.weight,effective,104.57675823761977
1.0,115,base_model.model.roberta.encoder.layer.15.attention.output.dense.weight,base,15.276684828215696
1.0,115,base_model.model.roberta.encoder.layer.15.attention.output.dense.weight,delta,2.424590017935161
1.0,115,base_model.model.roberta.encoder.layer.15.attention.output.dense.weight,effective,15.3012771285994
1.0,115,base_model.model.roberta.encoder.layer.15.intermediate.dense.weight,base,25.351985666495665
1.0,115,base_model.model.roberta.encoder.layer.15.intermediate.dense.weight,delta,1.679985479706416
1.0,115,base_model.model.roberta.encoder.layer.15.intermediate.dense.weight,effective,25.490102164536133
1.0,115,base_model.model.roberta.encoder.layer.15.output.dense.weight,base,18.276873411306507
1.0,115,base_model.model.roberta.encoder.layer.15.output.dense.weight,delta,1.262775039712439
1.0,115,base_model.model.roberta.encoder.layer.15.output.dense.weight,effective,18.300020281850088
1.0,115,base_model.model.roberta.encoder.layer.16.attention.self.query.weight,base,78.90741647514638
1.0,115,base_model.model.roberta.encoder.layer.16.attention.self.query.weight,delta,1.9312421136463827
1.0,115,base_model.model.roberta.encoder.layer.16.attention.self.query.weight,effective,78.96378720093684
1.0,115,base_model.model.roberta.encoder.layer.16.attention.self.key.weight,base,87.61963184012855
1.0,115,base_model.model.roberta.encoder.layer.16.attention.self.key.weight,delta,3.7239825280379457
1.0,115,base_model.model.roberta.encoder.layer.16.attention.self.key.weight,effective,87.66530679703502
1.0,115,base_model.model.roberta.encoder.layer.16.attention.self.value.weight,base,97.07574430485145
1.0,115,base_model.model.roberta.encoder.layer.16.attention.self.value.weight,delta,1.5392442691619113
1.0,115,base_model.model.roberta.encoder.layer.16.attention.self.value.weight,effective,97.14993905525552
1.0,115,base_model.model.roberta.encoder.layer.16.attention.output.dense.weight,base,14.660626448700963
1.0,115,base_model.model.roberta.encoder.layer.16.attention.output.dense.weight,delta,2.3672438002043203
1.0,115,base_model.model.roberta.encoder.layer.16.attention.output.dense.weight,effective,14.683649941036713
1.0,115,base_model.model.roberta.encoder.layer.16.intermediate.dense.weight,base,31.375570204423624
1.0,115,base_model.model.roberta.encoder.layer.16.intermediate.dense.weight,delta,1.9398306422983829
1.0,115,base_model.model.roberta.encoder.layer.16.intermediate.dense.weight,effective,31.292898931816843
1.0,115,base_model.model.roberta.encoder.layer.16.output.dense.weight,base,17.030436723646925
1.0,115,base_model.model.roberta.encoder.layer.16.output.dense.weight,delta,1.041059937518862
1.0,115,base_model.model.roberta.encoder.layer.16.output.dense.weight,effective,17.058913580762383
1.0,115,base_model.model.roberta.encoder.layer.17.attention.self.query.weight,base,70.1967671110762
1.0,115,base_model.model.roberta.encoder.layer.17.attention.self.query.weight,delta,1.4062861945635925
1.0,115,base_model.model.roberta.encoder.layer.17.attention.self.query.weight,effective,70.19264616369362
1.0,115,base_model.model.roberta.encoder.layer.17.attention.self.key.weight,base,76.19706060450874
1.0,115,base_model.model.roberta.encoder.layer.17.attention.self.key.weight,delta,2.5755003374761443
1.0,115,base_model.model.roberta.encoder.layer.17.attention.self.key.weight,effective,76.30659161083376
1.0,115,base_model.model.roberta.encoder.layer.17.attention.self.value.weight,base,118.53882569591501
1.0,115,base_model.model.roberta.encoder.layer.17.attention.self.value.weight,delta,1.1672880771747725
1.0,115,base_model.model.roberta.encoder.layer.17.attention.self.value.weight,effective,118.65826180504143
1.0,115,base_model.model.roberta.encoder.layer.17.attention.output.dense.weight,base,19.10130545413139
1.0,115,base_model.model.roberta.encoder.layer.17.attention.output.dense.weight,delta,1.8115169548093413
1.0,115,base_model.model.roberta.encoder.layer.17.attention.output.dense.weight,effective,19.157111990569113
1.0,115,base_model.model.roberta.encoder.layer.17.intermediate.dense.weight,base,33.29412874555674
1.0,115,base_model.model.roberta.encoder.layer.17.intermediate.dense.weight,delta,1.6471421720147867
1.0,115,base_model.model.roberta.encoder.layer.17.intermediate.dense.weight,effective,33.309439859903115
1.0,115,base_model.model.roberta.encoder.layer.17.output.dense.weight,base,22.110656474802994
1.0,115,base_model.model.roberta.encoder.layer.17.output.dense.weight,delta,1.4990141585021441
1.0,115,base_model.model.roberta.encoder.layer.17.output.dense.weight,effective,22.116175216018394
1.0,115,base_model.model.roberta.encoder.layer.18.attention.self.query.weight,base,73.4326767419924
1.0,115,base_model.model.roberta.encoder.layer.18.attention.self.query.weight,delta,1.674690346034186
1.0,115,base_model.model.roberta.encoder.layer.18.attention.self.query.weight,effective,73.4502635779174
1.0,115,base_model.model.roberta.encoder.layer.18.attention.self.key.weight,base,80.37733857175729
1.0,115,base_model.model.roberta.encoder.layer.18.attention.self.key.weight,delta,2.115991209811158
1.0,115,base_model.model.roberta.encoder.layer.18.attention.self.key.weight,effective,80.40660468921371
1.0,115,base_model.model.roberta.encoder.layer.18.attention.self.value.weight,base,113.07689369586087
1.0,115,base_model.model.roberta.encoder.layer.18.attention.self.value.weight,delta,1.6585130672313693
1.0,115,base_model.model.roberta.encoder.layer.18.attention.self.value.weight,effective,113.09560660267255
1.0,115,base_model.model.roberta.encoder.layer.18.attention.output.dense.weight,base,18.028766680307434
1.0,115,base_model.model.roberta.encoder.layer.18.attention.output.dense.weight,delta,2.317104185716155
1.0,115,base_model.model.roberta.encoder.layer.18.attention.output.dense.weight,effective,18.064489173387546
1.0,115,base_model.model.roberta.encoder.layer.18.intermediate.dense.weight,base,32.6844872681259
1.0,115,base_model.model.roberta.encoder.layer.18.intermediate.dense.weight,delta,1.375970723991996
1.0,115,base_model.model.roberta.encoder.layer.18.intermediate.dense.weight,effective,32.72856398522597
1.0,115,base_model.model.roberta.encoder.layer.18.output.dense.weight,base,21.433488387626884
1.0,115,base_model.model.roberta.encoder.layer.18.output.dense.weight,delta,1.030929372132444
1.0,115,base_model.model.roberta.encoder.layer.18.output.dense.weight,effective,21.462654850881194
1.0,115,base_model.model.roberta.encoder.layer.19.attention.self.query.weight,base,92.59084682443176
1.0,115,base_model.model.roberta.encoder.layer.19.attention.self.query.weight,delta,1.2660167652387386
1.0,115,base_model.model.roberta.encoder.layer.19.attention.self.query.weight,effective,92.58567597790515
1.0,115,base_model.model.roberta.encoder.layer.19.attention.self.key.weight,base,70.02834221049284
1.0,115,base_model.model.roberta.encoder.layer.19.attention.self.key.weight,delta,2.6753411078091105
1.0,115,base_model.model.roberta.encoder.layer.19.attention.self.key.weight,effective,70.02874153078659
1.0,115,base_model.model.roberta.encoder.layer.19.attention.self.value.weight,base,156.64708687234096
1.0,115,base_model.model.roberta.encoder.layer.19.attention.self.value.weight,delta,1.4178131679624193
1.0,115,base_model.model.roberta.encoder.layer.19.attention.self.value.weight,effective,156.62863703439015
1.0,115,base_model.model.roberta.encoder.layer.19.attention.output.dense.weight,base,17.494144024820685
1.0,115,base_model.model.roberta.encoder.layer.19.attention.output.dense.weight,delta,3.120406344688611
1.0,115,base_model.model.roberta.encoder.layer.19.attention.output.dense.weight,effective,17.518172093552394
1.0,115,base_model.model.roberta.encoder.layer.19.intermediate.dense.weight,base,28.92210384099705
1.0,115,base_model.model.roberta.encoder.layer.19.intermediate.dense.weight,delta,1.5017417763593002
1.0,115,base_model.model.roberta.encoder.layer.19.intermediate.dense.weight,effective,29.017256904140467
1.0,115,base_model.model.roberta.encoder.layer.19.output.dense.weight,base,19.716475538939285
1.0,115,base_model.model.roberta.encoder.layer.19.output.dense.weight,delta,1.2812463228378013
1.0,115,base_model.model.roberta.encoder.layer.19.output.dense.weight,effective,19.69866102857009
1.0,115,base_model.model.roberta.encoder.layer.20.attention.self.query.weight,base,77.2070215501793
1.0,115,base_model.model.roberta.encoder.layer.20.attention.self.query.weight,delta,1.1563806023194136
1.0,115,base_model.model.roberta.encoder.layer.20.attention.self.query.weight,effective,77.27232142204768
1.0,115,base_model.model.roberta.encoder.layer.20.attention.self.key.weight,base,54.8302367686625
1.0,115,base_model.model.roberta.encoder.layer.20.attention.self.key.weight,delta,2.0100151062604255
1.0,115,base_model.model.roberta.encoder.layer.20.attention.self.key.weight,effective,54.86946809694599
1.0,115,base_model.model.roberta.encoder.layer.20.attention.self.value.weight,base,108.43384596250647
1.0,115,base_model.model.roberta.encoder.layer.20.attention.self.value.weight,delta,1.3124109551966672
1.0,115,base_model.model.roberta.encoder.layer.20.attention.self.value.weight,effective,108.42938280560577
1.0,115,base_model.model.roberta.encoder.layer.20.attention.output.dense.weight,base,15.783675262019102
1.0,115,base_model.model.roberta.encoder.layer.20.attention.output.dense.weight,delta,2.3771077997167023
1.0,115,base_model.model.roberta.encoder.layer.20.attention.output.dense.weight,effective,15.813691093672883
1.0,115,base_model.model.roberta.encoder.layer.20.intermediate.dense.weight,base,24.95680646951418
1.0,115,base_model.model.roberta.encoder.layer.20.intermediate.dense.weight,delta,1.4209626210197355
1.0,115,base_model.model.roberta.encoder.layer.20.intermediate.dense.weight,effective,24.977123325608357
1.0,115,base_model.model.roberta.encoder.layer.20.output.dense.weight,base,18.867906855073496
1.0,115,base_model.model.roberta.encoder.layer.20.output.dense.weight,delta,1.4739531460225517
1.0,115,base_model.model.roberta.encoder.layer.20.output.dense.weight,effective,18.88165588503681
1.0,115,base_model.model.roberta.encoder.layer.21.attention.self.query.weight,base,49.271407326276666
1.0,115,base_model.model.roberta.encoder.layer.21.attention.self.query.weight,delta,1.2237171400343858
1.0,115,base_model.model.roberta.encoder.layer.21.attention.self.query.weight,effective,49.318221462346614
1.0,115,base_model.model.roberta.encoder.layer.21.attention.self.key.weight,base,57.11420031170095
1.0,115,base_model.model.roberta.encoder.layer.21.attention.self.key.weight,delta,1.8288470101944811
1.0,115,base_model.model.roberta.encoder.layer.21.attention.self.key.weight,effective,57.15530040757564
1.0,115,base_model.model.roberta.encoder.layer.21.attention.self.value.weight,base,88.20789990778927
1.0,115,base_model.model.roberta.encoder.layer.21.attention.self.value.weight,delta,1.3219146226306677
1.0,115,base_model.model.roberta.encoder.layer.21.attention.self.value.weight,effective,87.65228542142772
1.0,115,base_model.model.roberta.encoder.layer.21.attention.output.dense.weight,base,17.47041927386182
1.0,115,base_model.model.roberta.encoder.layer.21.attention.output.dense.weight,delta,3.4409254409765615
1.0,115,base_model.model.roberta.encoder.layer.21.attention.output.dense.weight,effective,17.497817126515827
1.0,115,base_model.model.roberta.encoder.layer.21.intermediate.dense.weight,base,23.56764144333285
1.0,115,base_model.model.roberta.encoder.layer.21.intermediate.dense.weight,delta,2.5070109116774675
1.0,115,base_model.model.roberta.encoder.layer.21.intermediate.dense.weight,effective,23.609969874090257
1.0,115,base_model.model.roberta.encoder.layer.21.output.dense.weight,base,18.248913160750156
1.0,115,base_model.model.roberta.encoder.layer.21.output.dense.weight,delta,1.4061957398457925
1.0,115,base_model.model.roberta.encoder.layer.21.output.dense.weight,effective,18.26356316655136
1.0,115,base_model.model.roberta.encoder.layer.22.attention.self.query.weight,base,36.14561126745775
1.0,115,base_model.model.roberta.encoder.layer.22.attention.self.query.weight,delta,1.1576590666977302
1.0,115,base_model.model.roberta.encoder.layer.22.attention.self.query.weight,effective,36.17244283650399
1.0,115,base_model.model.roberta.encoder.layer.22.attention.self.key.weight,base,40.92040908934638
1.0,115,base_model.model.roberta.encoder.layer.22.attention.self.key.weight,delta,1.8106663583016929
1.0,115,base_model.model.roberta.encoder.layer.22.attention.self.key.weight,effective,40.92752269359258
1.0,115,base_model.model.roberta.encoder.layer.22.attention.self.value.weight,base,82.81308503859607
1.0,115,base_model.model.roberta.encoder.layer.22.attention.self.value.weight,delta,1.2766943195373062
1.0,115,base_model.model.roberta.encoder.layer.22.attention.self.value.weight,effective,82.18450745101859
1.0,115,base_model.model.roberta.encoder.layer.22.attention.output.dense.weight,base,13.58594952450877
1.0,115,base_model.model.roberta.encoder.layer.22.attention.output.dense.weight,delta,2.4963691260407943
1.0,115,base_model.model.roberta.encoder.layer.22.attention.output.dense.weight,effective,13.632171762595739
1.0,115,base_model.model.roberta.encoder.layer.22.intermediate.dense.weight,base,24.910133626088907
1.0,115,base_model.model.roberta.encoder.layer.22.intermediate.dense.weight,delta,1.6995636076807994
1.0,115,base_model.model.roberta.encoder.layer.22.intermediate.dense.weight,effective,24.884832503822373
1.0,115,base_model.model.roberta.encoder.layer.22.output.dense.weight,base,25.045894912432924
1.0,115,base_model.model.roberta.encoder.layer.22.output.dense.weight,delta,1.9305713754048885
1.0,115,base_model.model.roberta.encoder.layer.22.output.dense.weight,effective,25.057494798540525
1.0,115,base_model.model.roberta.encoder.layer.23.attention.self.query.weight,base,37.62998506488351
1.0,115,base_model.model.roberta.encoder.layer.23.attention.self.query.weight,delta,2.0071569860299845
1.0,115,base_model.model.roberta.encoder.layer.23.attention.self.query.weight,effective,37.62702594000062
1.0,115,base_model.model.roberta.encoder.layer.23.attention.self.key.weight,base,44.522602587031
1.0,115,base_model.model.roberta.encoder.layer.23.attention.self.key.weight,delta,3.987845193723724
1.0,115,base_model.model.roberta.encoder.layer.23.attention.self.key.weight,effective,44.58418201473813
1.0,115,base_model.model.roberta.encoder.layer.23.attention.self.value.weight,base,140.48234274667016
1.0,115,base_model.model.roberta.encoder.layer.23.attention.self.value.weight,delta,1.085155385023295
1.0,115,base_model.model.roberta.encoder.layer.23.attention.self.value.weight,effective,139.1249374486584
1.0,115,base_model.model.roberta.encoder.layer.23.attention.output.dense.weight,base,26.479698821973777
1.0,115,base_model.model.roberta.encoder.layer.23.attention.output.dense.weight,delta,4.115960420873882
1.0,115,base_model.model.roberta.encoder.layer.23.attention.output.dense.weight,effective,26.485520505281173
1.0,115,base_model.model.roberta.encoder.layer.23.intermediate.dense.weight,base,27.593546720529336
1.0,115,base_model.model.roberta.encoder.layer.23.intermediate.dense.weight,delta,1.9360060817990457
1.0,115,base_model.model.roberta.encoder.layer.23.intermediate.dense.weight,effective,27.750932417774465
1.0,115,base_model.model.roberta.encoder.layer.23.output.dense.weight,base,16.276755463995432
1.0,115,base_model.model.roberta.encoder.layer.23.output.dense.weight,delta,1.767741781921315
1.0,115,base_model.model.roberta.encoder.layer.23.output.dense.weight,effective,16.277696323255654
1.0,115,base_model.model.classifier.original_module.dense.weight,base,258.8424339753757
1.0,115,base_model.model.classifier.original_module.out_proj.weight,base,1.961009110086757
1.0,115,base_model.model.classifier.modules_to_save.default.dense.weight,base,235.53699309461757
1.0,115,base_model.model.classifier.modules_to_save.default.out_proj.weight,base,1.8808641748964312
